[
  {
    "country": "India",
    "cities": [
      {
        "name": "Mumbai"
      },
      {
        "name": "Delhi"
      },
      {
        "name": "Bangalore"
      },
      {
        "name": "Hyderabad"
      },
      {
        "name": "Ahmedabad"
      },
      {
        "name": "Chennai"
      },
      {
        "name": "Kolkata"
      },
      {
        "name": "Surat"
      },
      {
        "name": "Pune"
      },
      {
        "name": "Jaipur"
      },
      {
        "name": "Prayagraj"
      },
      {
        "name": "Una"
      },
      {
        "name": "Mandi"
      },
      {
        "name": "Panaji"
      },
      {
        "name": "Dispur"
      },
      {
        "name": "Shillong"
      },
      {
        "name": "Dharamshala"
      },
      {
        "name": "Lucknow"
      },
      {
        "name": "Kanpur"
      },
      {
        "name": "Nagpur"
      },
      {
        "name": "Indore"
      },
      {
        "name": "Thane"
      },
      {
        "name": "Bhopal"
      },
      {
        "name": "Vishakhapatnam"
      },
      {
        "name": "Pimpri-Chinchwad"
      },
      {
        "name": "Patna"
      },
      {
        "name": "Vadodra"
      },
      {
        "name": "Ludhiana"
      },
      {
        "name": "Ghaziabad"
      },
      {
        "name": "Agra"
      },
      {
        "name": "Nashik"
      },
      {
        "name": "Faridabad"
      },
      {
        "name": "Kalyan-Dombivli"
      },
      {
        "name": "Meerut"
      },
      {
        "name": "Vasai-Virar"
      },
      {
        "name": "Rajkot"
      },
      {
        "name": "Varanasi"
      },
      {
        "name": "Srinagar"
      },
      {
        "name": "Aurangabad"
      },
      {
        "name": "Howrah"
      },
      {
        "name": "Ranchi"
      },
      {
        "name": "Gwalior"
      },
      {
        "name": "Jodhpur"
      },
      {
        "name": "Raipur"
      },
      {
        "name": "Madurai"
      },
      {
        "name": "Kota"
      },
      {
        "name": "Chandigarh"
      },
      {
        "name": "Guhwati"
      },
      {
        "name": "Solapur"
      },
      {
        "name": "Huli-Dharwad"
      },
      {
        "name": "Tiruchirappalli"
      },
      {
        "name": "Mysore"
      },
      {
        "name": "Bareilly"
      },
      {
        "name": "Aligarh"
      },
      {
        "name": "Gurgaon"
      },
      {
        "name": "Trippur"
      },
      {
        "name": "Moradabad"
      },
      {
        "name": "Jalandhar"
      },
      {
        "name": "Bhubaneshwar"
      },
      {
        "name": "Salem"
      },
      {
        "name": "Warangal"
      },
      {
        "name": "Jalgaon"
      },
      {
        "name": "Mira-Bhayandar"
      },
      {
        "name": "Guntur"
      },
      {
        "name": "Thiruvananthapuram"
      },
      {
        "name": "Bhiwandi"
      },
      {
        "name": "Saharanpur"
      },
      {
        "name": "Gorakhpur"
      },
      {
        "name": "Bikaner"
      },
      {
        "name": "Noida"
      },
      {
        "name": "Amravati"
      },
      {
        "name": "Jamshedpur"
      },
      {
        "name": "Bhilai"
      },
      {
        "name": "Cuttack"
      },
      {
        "name": "Firozabad"
      },
      {
        "name": "Kochi"
      },
      {
        "name": "Nellore"
      },
      {
        "name": "Bhavnagar"
      },
      {
        "name": "Dehradun"
      },
      {
        "name": "Arsanol"
      },
      {
        "name": "Rourkela"
      },
      {
        "name": "Durgapur"
      },
      {
        "name": "Nanded"
      },
      {
        "name": "Kolhapur"
      },
      {
        "name": "Ajmer"
      },
      {
        "name": "Akola"
      },
      {
        "name": "Gulbarga"
      },
      {
        "name": "Jamnagar"
      },
      {
        "name": "Ujjain"
      },
      {
        "name": "Loni"
      },
      {
        "name": "Siliguri"
      },
      {
        "name": "Jhansi"
      },
      {
        "name": "Ulhasnagar"
      },
      {
        "name": "Jammu"
      },
      {
        "name": "Sangli-Miraj & Kupwad"
      },
      {
        "name": "Mangalore"
      },
      {
        "name": "Erode"
      },
      {
        "name": "Belgaum"
      },
      {
        "name": "Kurnool"
      },
      {
        "name": "Ambattur"
      },
      {
        "name": "Rajahmundry"
      },
      {
        "name": "Tirunelveli"
      },
      {
        "name": "Malegaon"
      },
      {
        "name": "Gaya"
      },
      {
        "name": "Udaipur"
      },
      {
        "name": "Karur"
      },
      {
        "name": "Kakinada"
      },
      {
        "name": "Davanagere"
      },
      {
        "name": "Kozhikode"
      },
      {
        "name": "Maheshtala"
      },
      {
        "name": "Rajpur Sonarpur"
      },
      {
        "name": "Rajpur Sonarpur"
      },
      {
        "name": "Bokaro"
      },
      {
        "name": "South Dumdum"
      },
      {
        "name": "Bellary"
      },
      {
        "name": "Patiala"
      },
      {
        "name": "Gopalpur"
      },
      {
        "name": "Bhagalpur"
      },
      {
        "name": "Agartala"
      },
      {
        "name": "Muzaffarnagar"
      },
      {
        "name": "Bhatpara"
      },
      {
        "name": "Panihati"
      },
      {
        "name": "Latur"
      },
      {
        "name": "Dhule"
      },
      {
        "name": "Rohtak"
      },
      {
        "name": "Sagar"
      },
      {
        "name": "Bhilwara"
      },
      {
        "name": "Korba"
      },
      {
        "name": "Berhampur"
      },
      {
        "name": "Muzaffarpur"
      },

      {
        "name": "Ahmednagar"
      },
      {
        "name": "Mathura"
      },
      {
        "name": "Kollam"
      },
      {
        "name": "Avadi"
      },
      {
        "name": "Kadapa"
      },
      {
        "name": "Anantapuram"
      },
      {
        "name": "Kamarhati"
      },
      {
        "name": "Bilaspur"
      },
      {
        "name": "Sambalpur"
      },
      {
        "name": "Shahjahanpur"
      },
      {
        "name": "Bijapur"
      },

      {
        "name": "Satara"
      },
      {
        "name": "Rampur"
      },
      {
        "name": "Shimoga"
      },
      {
        "name": "Chandrapur"
      },
      {
        "name": "Junagadh"
      },

      {
        "name": "Thrissur"
      },
      {
        "name": "Alwar"
      },
      {
        "name": "Bardhaman"
      },
      {
        "name": "Kulti"
      },

      {
        "name": "Nizamabad"
      },
      {
        "name": "Parbhani"
      },
      {
        "name": "Tumkur"
      },
      {
        "name": "Khammam"
      },
      {
        "name": "Uzhavarkarai"
      },
      {
        "name": "Bihar Sharif"
      },
      {
        "name": "Kollam"
      },
      {
        "name": "Panipat"
      },
      {
        "name": "Darbhanga"
      },
      {
        "name": "Bally"
      },
      {
        "name": "Aizawl"
      },
      {
        "name": "Dewas"
      },
      {
        "name": "Aizawl"
      },
      {
        "name": "Ichalkaranji"
      },
      {
        "name": "Karnal"
      },
      {
        "name": "Bathinda"
      },
      {
        "name": "Jalna"
      },
      {
        "name": "Eluru"
      },
      {
        "name": "Barasat"
      },
      {
        "name": "Kirari Suleman Nagar"
      },
      {
        "name": "Purnia"
      },
      {
        "name": "Satna"
      },
      {
        "name": "Mau"
      },
      {
        "name": "Sonipat"
      },
      {
        "name": "Farrukhabad"
      },
      {
        "name": "Durg"
      },
      {
        "name": "Imphal"
      },
      {
        "name": "Ratlam"
      },
      {
        "name": "Hapur"
      },
      {
        "name": "Arrah"
      },
      {
        "name": "Anantapur"
      },
      {
        "name": "Karimnagar"
      },

      {
        "name": "Etawah"
      },
      {
        "name": "Ambarnath"
      },
      {
        "name": "North Dumdum"
      },
      {
        "name": "Bharatpur"
      },

      {
        "name": "Begusarai"
      },
      {
        "name": "New Delhi"
      },
      {
        "name": "Gandhidham"
      },
      {
        "name": "Baranagar"
      },
      {
        "name": "Tiruvottiyur"
      },
      {
        "name": "Pondicherry"
      },

      {
        "name": "Sikar"
      },
      {
        "name": "Thoothukudi"
      },
      {
        "name": "Rewa"
      },
      {
        "name": "Mirzapur"
      },
      {
        "name": "Raichur"
      },
      {
        "name": "Pali"
      },
      {
        "name": "Ramagundam"
      },
      {
        "name": "Silchar"
      },
      {
        "name": "Haridwar"
      },
      {
        "name": "Vijayanagaram"
      },
      {
        "name": "Tenali"
      },

      {
        "name": "Nagercoil"
      },
      {
        "name": "Sri Ganganagar"
      },
      {
        "name": "Karawal Nagar"
      },
      {
        "name": "Mango"
      },
      {
        "name": "Thanjavur"
      },
      {
        "name": "Bulandshahr"
      },
      {
        "name": "Uluberia"
      },
      {
        "name": "Katni"
      },
      {
        "name": "Sambhal"
      },
      {
        "name": "Singrauli"
      },
      {
        "name": "Nadiad"
      },
      {
        "name": "Secunderabad"
      },
      {
        "name": "Naihati"
      },
      {
        "name": "Yamunanagar"
      },
      {
        "name": "Bidhannagar"
      },
      {
        "name": "Pallavaram"
      },
      {
        "name": "Bidar"
      },
      {
        "name": "Munger"
      },
      {
        "name": "Panchkula"
      },
      {
        "name": "Burhanpur"
      },
      {
        "name": "Kharagpur"
      },
      {
        "name": "Dindigul"
      },
      {
        "name": "Gandhinagar"
      },
      {
        "name": "Hospet"
      },
      {
        "name": "Nangloi Jat"
      },
      {
        "name": "Malda"
      },
      {
        "name": "Ongole"
      },
      {
        "name": "Deoghar"
      },
      {
        "name": "Chhapra"
      },
      {
        "name": "Puri"
      },
      {
        "name": "Haldia"
      },
      {
        "name": "Khandwa"
      },
      {
        "name": "Nandyal"
      },
      {
        "name": "Morena"
      },
      {
        "name": "Amroha"
      },
      {
        "name": "Anand"
      },
      {
        "name": "Bhind"
      },
      {
        "name": "Bhalswa Jahangir Pur"
      },
      {
        "name": "Madhyamgram"
      },
      {
        "name": "Bhiwani"
      },
      {
        "name": "Berhampore"
      },
      {
        "name": "Ambala"
      },
      {
        "name": "Morbi"
      },
      {
        "name": "Fatehpur"
      },
      {
        "name": "Raebareli"
      },
      {
        "name": "Chittoor"
      },
      {
        "name": "Bhusawal"
      },
      {
        "name": "Orai"
      },
      {
        "name": "Bahraich"
      },
      {
        "name": "Phusro"
      },
      {
        "name": "Vellore"
      },
      {
        "name": "Mehsana"
      },
      {
        "name": "Raiganj"
      },
      {
        "name": "Sirsa"
      },
      {
        "name": "Danapur"
      },
      {
        "name": "Serampore"
      },
      {
        "name": "Sultan Pur Majra"
      },
      {
        "name": "Guna"
      },
      {
        "name": "Jaunpur"
      },
      {
        "name": "Panvel"
      },
      {
        "name": "Shivpuri"
      },
      {
        "name": "Surendranagar Dudhrej"
      },
      {
        "name": "Unnao"
      },
      {
        "name": "Chinsurah"
      },
      {
        "name": "Alappuzha"
      },
      {
        "name": "Kottayam"
      },
      {
        "name": "Machilipatnam"
      },
      {
        "name": "Shimla"
      },
      {
        "name": "Midnapore"
      },
      {
        "name": "Adoni"
      },
      {
        "name": "Udupi"
      },
      {
        "name": "Katihar"
      },
      {
        "name": "Proddatur"
      },
      {
        "name": "Budaun"
      },
      {
        "name": "Mahbubnagar"
      },
      {
        "name": "Saharsa"
      },
      {
        "name": "Dibrugarh"
      },
      {
        "name": "Jorhat"
      },
      {
        "name": "Hazaribagh"
      },
      {
        "name": "Hindupur"
      },
      {
        "name": "Nagaon"
      },
      {
        "name": "Hajipur"
      },
      {
        "name": "Sasaram"
      },
      {
        "name": "Giridih"
      },
      {
        "name": "Bhimavaram"
      },
      {
        "name": "Port Blair"
      },
      {
        "name": "Kumbakonam"
      },
      {
        "name": "Bongaigaon"
      },
      {
        "name": "Dehri"
      },
      {
        "name": "Madanapalle"
      },
      {
        "name": "Siwan"
      },
      {
        "name": "Bettiah"
      },
      {
        "name": "Ramgarh"
      },
      {
        "name": "Tinsukia"
      },
      {
        "name": "Guntakal"
      },
      {
        "name": "Srikakulam"
      },
      {
        "name": "Motihari"
      },
      {
        "name": "Dharmavaram"
      },
      {
        "name": "Medininagar"
      },
      {
        "name": "Gudivada"
      },
      {
        "name": "Phagwara"
      },
      {
        "name": "Pudukkottai"
      },
      {
        "name": "Hosur"
      },
      {
        "name": "Narasaraopet"
      },
      {
        "name": "Suryapet"
      },
      {
        "name": "Miryalaguda"
      },
      {
        "name": "Anantnag"
      },
      {
        "name": "Tadipatri"
      },
      {
        "name": "Karaikudi"
      },
      {
        "name": "Kishanganj"
      },
      {
        "name": "Gangavathi"
      },
      {
        "name": "Jamalpur"
      },
      {
        "name": "Ballia"
      },

      {
        "name": "Kavali"
      },
      {
        "name": "Tadepalligudem"
      },
      {
        "name": "Amaravati"
      },
      {
        "name": "Buxar"
      },
      {
        "name": "Tezpur"
      },
      {
        "name": "Jehanabad"
      },
      {
        "name": "Gangtok"
      },
      {
        "name": "Vasco Da Gama"
      }
    ]
  },
  {
    "country": "United States",
    "cities": [
      {
        "name": "New York City"
      },
      {
        "name": "Los Angeles"
      },
      {
        "name": "Chicago"
      },
      {
        "name": "Houston"
      },
      {
        "name": "Phoenix"
      },
      {
        "name": "Philadelphia"
      },
      {
        "name": "San Antonio"
      },
      {
        "name": "San Diego"
      },
      {
        "name": "Dallas"
      },
      {
        "name": "San Jose"
      },
      {
        "name": "Austin"
      },
      {
        "name": "Jacksonville"
      },
      {
        "name": "Fort Worth"
      },
      {
        "name": "Columbus"
      },
      {
        "name": "Charlotte"
      },
      {
        "name": "Indianapolis"
      },
      {
        "name": "San Francisco"
      },
      {
        "name": "Seattle"
      },
      {
        "name": "Denver"
      },
      {
        "name": "Washington"
      },
      {
        "name": "Nashville"
      },
      {
        "name": "Oklahoma City"
      },
      {
        "name": "Boston"
      },
      {
        "name": "El Paso"
      },
      {
        "name": "Portland"
      },
      {
        "name": "Las Vegas"
      },
      {
        "name": "Memphis"
      },
      {
        "name": "Detroit"
      },
      {
        "name": "Baltimore"
      },
      {
        "name": "Milwaukee"
      },
      {
        "name": "Albuquerque"
      },
      {
        "name": "Fresno"
      },
      {
        "name": "Tucson"
      },
      {
        "name": "Sacramento"
      },
      {
        "name": "Kansas City"
      },
      {
        "name": "Mesa"
      },
      {
        "name": "Atlanta"
      },
      {
        "name": "Omaha"
      },
      {
        "name": "Colorado Springs"
      },
      {
        "name": "Raleigh"
      },
      {
        "name": "Long Beach"
      },
      {
        "name": "Virginia Beach"
      },
      {
        "name": "Miami"
      },
      {
        "name": "Oakland"
      },
      {
        "name": "Minneapolis"
      },
      {
        "name": "Tulsa"
      },
      {
        "name": "Bakersfield"
      },
      {
        "name": "Wichita"
      },
      {
        "name": "Arlington"
      },
      {
        "name": "Aurora"
      },
      {
        "name": "Tampa"
      },
      {
        "name": "New Orleans"
      },
      {
        "name": "Cleveland"
      },
      {
        "name": "Honolulu"
      },
      {
        "name": "Anaheim"
      },
      {
        "name": "Louisville"
      },
      {
        "name": "Henderson"
      },
      {
        "name": "Lexington"
      },
      {
        "name": "Irvine"
      },
      {
        "name": "Stockton"
      },
      {
        "name": "Orlando"
      },
      {
        "name": "Corpus Christi"
      },
      {
        "name": "Newark"
      },
      {
        "name": "Riverside"
      },
      {
        "name": "St. Paul"
      },
      {
        "name": "Cincinnati"
      },
      {
        "name": "San Juan"
      },
      {
        "name": "Santa Ana"
      },
      {
        "name": "Greensboro"
      },
      {
        "name": "Pittsburgh"
      },
      {
        "name": "Jersey City"
      },
      {
        "name": "St. Louis"
      },
      {
        "name": "Lincoln"
      },
      {
        "name": "Durham"
      },
      {
        "name": "Anchorage"
      },
      {
        "name": "Plano"
      },
      {
        "name": "Chandler"
      },
      {
        "name": "Chula Vista"
      },
      {
        "name": "Buffalo"
      },
      {
        "name": "Gilbert"
      },
      {
        "name": "Madison"
      },
      {
        "name": "Reno"
      },
      {
        "name": "North Las Vegas"
      },
      {
        "name": "Toledo"
      },
      {
        "name": "Fort Wayne"
      },
      {
        "name": "Irving"
      },
      {
        "name": "Lubbock"
      },
      {
        "name": "St. Petersburg"
      },
      {
        "name": "Laredo"
      },
      {
        "name": "Chesapeake"
      },
      {
        "name": "Winston-Salem"
      },
      {
        "name": "Glendale"
      },
      {
        "name": "Garland"
      },
      {
        "name": "Scottsdale"
      },
      {
        "name": "Arlington"
      },
      {
        "name": "Enterprise"
      },
      {
        "name": "Boise"
      },
      {
        "name": "Santa Clarita"
      },
      {
        "name": "Norfolk"
      },
      {
        "name": "Fremont"
      },
      {
        "name": "Spokane"
      },
      {
        "name": "Richmond"
      },
      {
        "name": "Baton Rouge"
      },
      {
        "name": "San Bernardino"
      },
      {
        "name": "Tacoma"
      },
      {
        "name": "Spring Valley"
      },
      {
        "name": "Hialeah"
      },
      {
        "name": "Huntsville"
      },
      {
        "name": "Modesto"
      },
      {
        "name": "Frisco"
      },
      {
        "name": "Des Moines"
      },
      {
        "name": "Yonkers"
      },
      {
        "name": "Port St. Lucie"
      },
      {
        "name": "Moreno Valley"
      },
      {
        "name": "Worcester"
      },
      {
        "name": "Rochester"
      },
      {
        "name": "Fontana"
      },
      {
        "name": "Columbus"
      },
      {
        "name": "Fayetteville"
      },
      {
        "name": "Sunrise Manor"
      },
      {
        "name": "McKinney"
      },
      {
        "name": "Little Rock"
      },
      {
        "name": "Augusta"
      },
      {
        "name": "Oxnard"
      },
      {
        "name": "Salt Lake City"
      },
      {
        "name": "Amarillo"
      },
      {
        "name": "Overland Park"
      },
      {
        "name": "Cape Coral"
      },
      {
        "name": "Grand Rapids"
      },
      {
        "name": "Huntington Beach"
      },
      {
        "name": "Sioux Falls"
      },
      {
        "name": "Grand Prairie"
      },
      {
        "name": "Montgomery"
      },
      {
        "name": "Tallahassee"
      },
      {
        "name": "Birmingham"
      },
      {
        "name": "Peoria"
      },
      {
        "name": "Glendale"
      },
      {
        "name": "Vancouver"
      },
      {
        "name": "Providence"
      },
      {
        "name": "Knoxville"
      },
      {
        "name": "Brownsville"
      },
      {
        "name": "Akron"
      },
      {
        "name": "Newport News"
      },
      {
        "name": "Fort Lauderdale"
      },
      {
        "name": "Mobile"
      },
      {
        "name": "Shreveport"
      },
      {
        "name": "Paradise"
      },
      {
        "name": "Tempe"
      },
      {
        "name": "Chattanooga"
      },
      {
        "name": "Cary"
      },
      {
        "name": "Eugene"
      },
      {
        "name": "Elk Grove"
      },
      {
        "name": "Santa Rosa"
      },
      {
        "name": "Salem"
      },
      {
        "name": "Ontario"
      },
      {
        "name": "Aurora"
      },
      {
        "name": "Lancaster"
      },
      {
        "name": "Rancho Cucamonga"
      },
      {
        "name": "Oceanside"
      },
      {
        "name": "Fort Collins"
      },
      {
        "name": "Pembroke Pines"
      },
      {
        "name": "Clarksville"
      },
      {
        "name": "Palmdale"
      },
      {
        "name": "Garden Grove"
      },
      {
        "name": "Springfield"
      },
      {
        "name": "Hayward"
      },
      {
        "name": "Salinas"
      },
      {
        "name": "Alexandria"
      },
      {
        "name": "Paterson"
      },
      {
        "name": "Murfreesboro"
      },
      {
        "name": "Bayamon"
      },
      {
        "name": "Sunnyvale"
      },
      {
        "name": "Kansas City"
      },
      {
        "name": "Lakewood"
      },
      {
        "name": "Killeen"
      },
      {
        "name": "Corona"
      },
      {
        "name": "Bellevue"
      },
      {
        "name": "Springfield"
      },
      {
        "name": "Charleston"
      },
      {
        "name": "Hollywood"
      },
      {
        "name": "Roseville"
      },
      {
        "name": "Pasadena"
      },
      {
        "name": "Escondido"
      },
      {
        "name": "Pomona"
      },
      {
        "name": "Mesquite"
      },
      {
        "name": "Naperville"
      },
      {
        "name": "Joliet"
      },
      {
        "name": "Savannah"
      },
      {
        "name": "Jackson"
      },
      {
        "name": "Bridgeport"
      },
      {
        "name": "Syracuse"
      },
      {
        "name": "Surprise"
      },
      {
        "name": "Rockford"
      },
      {
        "name": "Torrance"
      },
      {
        "name": "Thornton"
      },
      {
        "name": "Kent"
      },
      {
        "name": "Fullerton"
      },
      {
        "name": "Denton"
      },
      {
        "name": "Visalia"
      },
      {
        "name": "McAllen"
      }
    ]
  },
  {
    "country": "Germany",
    "cities": [
      {
        "name": "Berlin"
      },
      {
        "name": "Hamburg"
      },
      {
        "name": "Munich"
      },
      {
        "name": "Cologne"
      },
      {
        "name": "Frankfurt"
      },
      {
        "name": "Stuttgart"
      },
      {
        "name": "Düsseldorf"
      },
      {
        "name": "Dortmund"
      }
    ]
  },
  {
    "country": "Australia",
    "cities": [
      {
        "name": "Brisbane"
      },
      {
        "name": "Sydney"
      },
      {
        "name": "Melbourne"
      },
      {
        "name": "Perth"
      },
      {
        "name": "Cairns"
      },
      {
        "name": "Hobart"
      },
      {
        "name": "Gold Coast"
      },
      {
        "name": "Darwin"
      }
    ]
  },
  {
    "country": "United Kingdom",
    "cities": [
      {
        "name": "London"
      },
      {
        "name": "Manchester"
      },
      {
        "name": "Liverpool"
      },
      {
        "name": "Newcastle"
      },
      {
        "name": "Sheffield"
      },
      {
        "name": "Southampton"
      },
      {
        "name": "Leeds"
      },
      {
        "name": "Birmingham"
      }
    ]
  },
  {
  "country": "China",
  "cities": [
    {
      "name": "Hong Kong"
    },
    {
      "name": "Macau"
    },
    {
      "name": "Beijing"
    },
    {
      "name": "Chongqing"
    },
    {
      "name": "Shanghai"
    },
    {
      "name": "Tianjin"
    },
    {
      "name": "Anqing"
    },
    {
      "name": "Bozhou"
    },
    {
      "name": "Chaohu"
    },
    {
      "name": "Chizhou"
    },
    {
      "name": "Chuzhou"
    },
    {
      "name": " Fuyang"
    },
    {
      "name": "Guangde"
    },
    {
      "name": "Hefei"
    },
    {
      "name": "Huaibei"
    },
    {
      "name": "Huainan"
    },
    {
      "name": "Huangshan"
    },
    {
      "name": "Jieshou"
    },
    {
      "name": "Lu'an"
    },
    {
      "name": "Ma'anshan"
    },
    {
      "name": "Mingguang"
    },
    {
      "name": " Ningguo"
    },
    {
      "name": "Qianshan"
    },
    {
      "name": "Suzhou"
    },
    {
      "name": "Tianchang"
    },
    {
      "name": "Tongcheng"
    },
    {
      "name": "Tongling"
    },
    {
      "name": "Wuhu"
    },
    {
      "name": "Wuwei"
    },
    {
      "name": "Xuancheng"
    },
    {
      "name": "Fu'an"
    },
    {
      "name": "Fuding"
    },
    {
      "name": "Fuqing"
    },
    {
      "name": "Fuzhou"
    },
    {
      "name": "Jian'ou"
    },
    {
      "name": "Jinjiang"
    }
  ]
},
  {
    "country": "Sweden",
    "cities": [
      { "name": "Alingsås" },
      { "name": "Arboga" },
      { "name": "Arvika" },
      { "name": "Askersund" },
      { "name": "Avesta" },
      { "name": "Boden" },
      { "name": "Bollnäs" },
      { "name": "Borgholm" },
      { "name": "Borlänge" },
      { "name": "Borås" },
      { "name": "Djursholm" },
      { "name": "Eksjö" },
      { "name": "Enköping" },
      { "name": "Eskilstuna" },
      { "name": "Eslöv" },
      { "name": "Fagersta" },
      { "name": "Falkenberg" },
      { "name": "Falköping" },
      { "name": "Falsterbo" },
      { "name": "Falun" },
      { "name": "Filipstad" },
      { "name": "Flen" },
      { "name": "Gothenburg" },
      { "name": "Gränna" },
      { "name": "Gävle" },
      { "name": "Hagfors" },
      { "name": "Halmstad" },
      { "name": "Haparanda" },
      { "name": "Hedemora" },
      { "name": "Helsingborg" },
      { "name": "Hjo" },
      { "name": "Hudiksvall" },
      { "name": "Huskvarna" },
      { "name": "Härnösand" },
      { "name": "Hässleholm" },
      { "name": "Höganäs" },
      { "name": "Jönköping" },
      { "name": "Kalmar" },
      { "name": "Karlshamn" },
      { "name": "Karlskoga" },
      { "name": "Karlskrona" },
      { "name": "Karlstad" },
      { "name": "Katrineholm" },
      { "name": "Kiruna" },
      { "name": "Kramfors" },
      { "name": "Kristianstad" },
      { "name": "Kristinehamn" },
      { "name": "Kumla" },
      { "name": "Kungsbacka" },
      { "name": "Kungälv" },
      { "name": "Köping" },
      { "name": "Laholm" },
      { "name": "Landskrona" },
      { "name": "Lidingö" },
      { "name": "Lidköping" },
      { "name": "Lindesberg" },
      { "name": "Linköping" },
      { "name": "Ljungby" },
      { "name": "Ludvika" },
      { "name": "Luleå" },
      { "name": "Lund" },
      { "name": "Lycksele" },
      { "name": "Lysekil" },
      { "name": "Malmö" },
      { "name": "Mariefred" },
      { "name": "Mariestad" },
      { "name": "Marstrand" },
      { "name": "Mjölby" },
      { "name": "Motala" },
      { "name": "Nacka" },
      { "name": "Nora" },
      { "name": "Norrköping" },
      { "name": "Norrtälje" },
      { "name": "Nybro" },
      { "name": "Nyköping" },
      { "name": "Nynäshamn" },
      { "name": "Nässjö" },
      { "name": "Oskarshamn" },
      { "name": "Oxelösund" },
      { "name": "Piteå" },
      { "name": "Ronneby" },
      { "name": "Sala" },
      { "name": "Sandviken" },
      { "name": "Sigtuna" },
      { "name": "Simrishamn" },
      { "name": "Skanör" },
      { "name": "Skanör med Falsterbo" },
      { "name": "Skara" },
      { "name": "Skellefteå" },
      { "name": "Skänninge" },
      { "name": "Skövde" },
      { "name": "Sollefteå" },
      { "name": "Solna" },
      { "name": "Stockholm" },
      { "name": "Strängnäs" },
      { "name": "Strömstad" },
      { "name": "Sundbyberg" },
      { "name": "Sundsvall" },
      { "name": "Säffle" },
      { "name": "Säter" },
      { "name": "Sävsjö" },
      { "name": "Söderhamn" },
      { "name": "Söderköping" },
      { "name": "Södertälje" },
      { "name": "Sölvesborg" },
      { "name": "Tidaholm" },
      { "name": "Torshälla" },
      { "name": "Tranås" },
      { "name": "Trelleborg" },
      { "name": "Trollhättan" },
      { "name": "Trosa" },
      { "name": "Uddevalla" },
      { "name": "Ulricehamn" },
      { "name": "Umeå" },
      { "name": "Uppsala" },
      { "name": "Vadstena" },
      { "name": "Varberg" },
      { "name": "Vaxholm" },
      { "name": "Vetlanda" },
      { "name": "Vimmerby" },
      { "name": "Visby" },
      { "name": "Vänersborg" },
      { "name": "Värnamo" },
      { "name": "Västervik" },
      { "name": "Västerås" },
      { "name": "Växjö" },
      { "name": "Ystad" },
      { "name": "Åmål" },
      { "name": "Ängelholm" },
      { "name": "Örebro" },
      { "name": "Öregrund" },
      { "name": "Örnsköldsvik" },
      { "name": "Östersund" },
      { "name": "Östhammar" }
    ]
  },
{

 "country" : "Norway",

 "cities": [

  {
    "name": "Oslo"

  }, 

  {
    "name": "Bergen" 
    
  }, 

  {
    "name": "Trondheim"
    
  }, 

  {
    "name": "Stavanger" 
  
  }, 

  {
    "name": "Drammen" 
    
  }, 

  {
    "name": "Kristiansand"

  }, 

  {
    "name": "Fredrikstad"
    
  }, 

  {
    "name": "Skien" 

  }, 

  {
    "name": "Sandefjord"

  }, 

  {
    "name": "Asker"

  }, 

  {
    "name": "Nordre Fåle"

  },
 
  {
    "name": "Sandnes" 
    
  },
 
  {
    "name": "Tønsberg"

  },
 
  {
    "name": "Sarpsborg" 
    
  }, 

  {
    "name": "Ålesund"
 
  }, 

  {
    "name": "Bodø" 

  }, 

  {
    "name": "Moss" 

  }, 

  {
    "name": "Lørenskog"
 
  }, 

  {
    "name": "Tromsø" 

  }, 

  {
    "name": "Haugesund"

  }, 

  {
    "name": "Porsgrunn"

  }, 

  {
    "name": "Ringsaker"

  }, 

  {
    "name": "Molde"

  }, 

  {
    "name": "Halden"

  }, 

  {
    "name": "Arendal"

  }, 

  {
    "name": "Ski"

  }, 

  {
    "name": "Askøy"

  }, 

  {
    "name": "Lillehammer" 

  }, 

  {
    "name": "Hamar"

  }, 

  {
    "name": "Kongsberg"
 
  }, 

  {
    "name": "Oppegård" 

  },
 
  {
    "name": "Sola"

  }, 

  {
    "name": "Lier"

  }, 
  
  {
    "name": "Nedre Eiker" 

  }, 

  {
    "name": "Larvik"

  }, 

  {
    "name": "Nittedal"

  },
 
  {
    "name": "Stjørdal"

  },
 
  {
    "name": "Røyken"

  },
 
  {
    "name": "Nøtterøy"

  }, 

  {
    "name": "Elverum"

  }, 

  {
    "name": "Harstad"

  }, 

  {
    "name": "Stange"

  }, 

  {
    "name": "Gjøvik"

  }, 

  {
    "name": "Horten"

  }, 

  {
    "name": "Ås"

  }, 

  {
    "name": "Os"

  },
 
  {
    "name": "Nesoddtangen"

  }, 

  {
    "name": "Kleppe"

  }, 

  {
    "name": "Time"

  }, 

  {
    "name": "Mo i Rana"

  }, 

  {
    "name": "Stord"

  }, 

  {
    "name": "Kristiansund"

  }, 

  {
    "name": "Sørum"

  },
 
  {
    "name": "Vestby"

  }, 

  {
    "name": "Kosvik"

  }, 

  {
    "name": "Kongsvinger"

  }, 

  {
    "name": "Rygge"

  }, 
  {
    "name": "Frogn" 
    
  }, 

  {
    "name": "Voss"

  },
 
  {
    "name": "Lindås"

  }, 

  {
    "name": "Mandal"

  }, 

  {
    "name": "Alta"

  }, 

  {
    "name": "Verdal"

  }
]
}
  
]
